Root-0hr-W-1,Root-0hr-W,1318581.75,283455.8125,47298.78125,183406752,225809.9844,8900993,286985.0625,1900,228057.4375,18629494,118119.9141,74291.49219,550580.4375,214376.25,151517.6875,2680301,198154.8438,2400,117083.6563,1434290.5,10246.85449,31992.76172,524977.6875,37894188,23199496,84232.85938,129654.875,56231144,5245104.5,65934.26563,469833.3438,1478087.25,223628.4688,892434.5,23738226,476268.875,114990.5469,86490.14844,720624.125,12729317,619561792,59247.05859,149712.9063,1181031.5,285978.0625,1900,6863842.5,4804023.5,43251280,60559548,73215.39063,669778432,399988.8125,118973936,29562666,1900,1353608704,3537635.25,99111.64063,1329020.125,187312.9375,102027.7188,86331.39844,7261427,123626.125,1830742,10354473,101918.5547,100523.7188,61731.14063,160349.2344,774889,42951.95703,12808693,33986.50391,13293562,382071.6875,19330668,50266612,891256.1875,767352.0625,54844904,50456632,14931.71289,265847.1875,24315114,121407.375,9608.112305,9555.470703,974122.1875,686648.3125,47771.83594,144451.9063,1264497.75,11795822,2163761.5,91927640,5206982.5,102958896,421478.875,2310488,86246328,24090132,73855.95313,14406.55176,6305624,24378.99219,1042436.25,61019404,1860891.875,449509.3125,815866.5,76151.90625,2762124,235975.7031,457419.7813,6533.827637,870310.5625,89180.46094,67663.00781,735633.8125,12608060,163390.6563,102005.9922,22866.60352,46644.41016,47067.04688,1894474,12224604,634483.875,10820926,14680751,163081712,162291.2969,165984.6875,409420.1875,18565566,93604.82031,5779570.5,317453.875,160749.0938,89715.8125,4185177.5,12221.19629,12072915,160320720,40773.85938,647687.1875,388714912,994009,5254.385254,1521968.875,6000651.5,4519060.5,151731.4375,440311.4688,4373672,11848148,7489519.5,3002738.5,231067.3125,138372896,104760.8047,75211864,53132756,5407097,6402571.5,14635.97949
Root-0hr-W-2,Root-0hr-W,2061297.25,297495.7188,96772.92969,199502128,330903.4375,8794842,285653.625,1900,169117.6875,10118167,15264.70996,14168.57422,996231.625,168329.2813,129111.2109,5587584,182995.3125,2400,98858.78906,1288362.25,7923.741211,11810.41211,516875.1563,38318924,24477462,36589.46875,50001.55469,116077320,6162695.5,83497.77344,527333.0625,1117141.625,276149.7188,872426.875,14525547,584203.5625,153034.9844,111619.5078,1730712.5,17852446,519816352,62249.49219,83998.88281,2839209,389334.4063,1900,7239529,7779376.5,99868640,29471370,87740.75781,578853312,363017.9688,68857896,16063731,1900,1377613312,3224584,177280.8906,1044103.625,163639.125,92026.22656,56564.34375,9858607,70229.02344,2569393.75,8683248,133688.8594,217535.1719,47624.08594,122609.6953,703202.6875,64174.57813,6719154.5,99421.86719,12539244,339022.2813,28736994,33405592,920517,259543.1094,59184864,46156068,18044.62695,453127.5625,16315239,101175.5703,9954.413086,12181.33789,599563.5625,1022437.063,78727.90625,196863.0156,2443230.25,13630454,956595.875,113927216,4423736,133773320,762864.8125,3189502.25,95283560,21471276,91238.14063,15568.09961,3620740,14631.50781,928598,37786504,2541313,577891.1875,1309696.75,83955.84375,3212240.75,272199.8125,275102.4063,21114.66211,752778.75,102339.5469,47162.49609,2352763.75,10941052,235906.625,87106.88281,21525.94531,66609.44531,25350.87305,75395.75,12818375,400347.375,3802174.75,22686072,271156480,160993.125,142155.1719,391437.3438,15858357,27315.24023,3218768.5,321360.7188,93954.25781,130627.3125,7059247.5,108540.4609,14982294,151383696,70294.89063,426699.75,385298560,964250.4375,2400,2458593.75,9647713,6321883.5,301528.9375,509766.1563,6301465,30424680,8765049,3218126.75,133302.9531,239105696,80526.33594,24443600,44449508,5395298.5,1900,16301.06348
Root-0hr-W-3,Root-0hr-W,3703408.5,354128.125,151446.2031,153386560,328684.3438,8489806,311683.2188,1900,376334.9375,11897573,14837.47266,32533.61719,468964.625,88569.44531,99970.70313,594387.8125,157447,23352.31445,123335.6953,1301714.125,18527.64648,35189.30469,284978.8438,51452312,32212000,95340.46875,124276.6094,32872184,7934603.5,124024.8594,334903.0938,504900.4688,721466.5,325907.9375,21037204,458667.5625,128033.6719,111202.6875,2009214,13982024,584896320,65334.60156,35050.32813,6274192,467557.7188,1900,5990396,16332627,154916128,29446886,90177.22656,892971584,558136.125,120261720,11094590,9475.225586,1585737088,2878190.5,152947.7344,2104996.75,30119.52344,100817.4375,79947.32813,5564039,92109.02344,3399635.25,5372181,105873.4844,96666.71875,48556.21484,118367.875,796094.75,33154.64063,11888402,26614.04492,8487071,559432.1875,17742266,21635702,1102321.5,410627.5,82255080,98793992,22494.76953,270833.3125,19291308,129518.9531,30647.18359,8995.069336,907602.0625,425166.4375,68122.04688,204807.5156,1604311.625,10366622,1639743.5,167047344,5056771.5,214047568,1524467.625,1969748.125,63501684,26245358,148825.7188,10683.7002,3787445,13289.17285,913798.5625,40097176,1846853,392416.0938,1457815,74477.39063,2222967.25,179769.2188,472181.8438,29541.90625,711950.0625,101380.8594,34927.27344,5389037,14848116,389938.25,88208.39063,25715.91211,57667.11719,28580.5,1218422.25,12279245,352197.375,12894290,32504054,385302496,205230.3438,133015.6406,567709.1875,14872741,56547.88672,5954402,325289.1875,180619.625,192003.0938,13609593,77575.14844,11524006,198949088,41448.32422,376685.3438,447698144,907405.375,15558.55078,3051097.25,18780464,3286134,430936.3438,485848.875,4982301,35571368,12853941,2254188.5,78030.44531,113020200,62975.34375,48738332,48215544,2931250.75,8581720,33639.27734
Root-0hr-D-1,Root-0hr-D,27602208,321736.7188,965598.5625,95368248,574610.125,8087561,72190.01563,1900,372908.5,22756664,171113.9531,89803.4375,382871.5,28371.99219,113207.2031,243967.7188,505018.8125,361133.4063,123910.2109,4644358,114258.4063,38507.18359,398747.2188,162531632,76117536,165879.3594,905901.875,122150024,7815712,1011177.75,54232.97266,735148.75,405643.3125,453760.375,38351832,688375,160117.3906,648048.1875,10036775,21849574,814592576,55409.07031,338003.9375,12371993,1142539.625,1900,17404770,162569904,973030080,38827948,120238.6875,4519283200,349245.25,65100484,154692992,1900,2085989376,10834484,160316.3125,1440395.75,2400,180297.3438,169303.0469,6904373,126459.8438,9013788,76056664,64185.29688,41075.83203,33951.64063,546143.4375,1005550.688,166431.8906,12968551,82081.64063,9663289,1127537.5,11126786,27092382,2772900.25,136409.2969,109436728,176146064,131094.5625,249747.4844,26087544,157123.3906,95697.28906,153555.0625,2151843.75,292497.4688,71904.16406,95072.88281,991158.125,3932063,2324677.25,310998368,6725987.5,338653184,19205856,2489045.25,66160468,21363336,56715.8125,58952.17578,51889708,47264.01563,888749.9375,59477116,2915518.25,856397.25,2016468.25,221247.0469,3478528.25,402020.5313,1311918.5,233819.1406,691011.6875,150588.5469,99979.82813,161314752,38006496,3297458.5,316453.0625,72611.75,88938.52344,194309.0156,693847.9375,11292061,756423.5,36591088,294101632,2034268800,451940.8438,866934,322562.4375,9094270,373323.7188,14431172,1511511.5,1413111.875,148375.5469,37011964,1484736,27952360,861074240,42261.82031,341614.875,363511552,1027524.75,211781.5469,5031519,142572064,2081904.75,1702667.125,681506.75,2868863.25,62063460,26801450,3042802.5,65256.98047,103463648,54002.50781,521005312,12150131,4810152.5,3643939.75,2400
Root-0hr-D-2,Root-0hr-D,19416022,253067.9531,786492,107024712,486347.5313,7199699,74587.25,1900,135013.5156,10681612,83579.10156,69231.33594,617044.25,70205.39063,117350.6406,42589.82813,486943.75,177054.2656,119341.5234,3233102.5,21170.53125,50687.52734,327891.125,129965512,69622480,173523.6875,558991.8125,116097960,7515471,485179.7188,18388.74609,875335.8125,306172.5625,672402.9375,25926696,37760.20703,143279.6875,293059,7971157.5,26283052,650916864,64446.16406,822669.4375,10418069,1187565.5,1900,30738882,141403184,606749952,31872262,108980.6406,3794803712,397667.75,64594924,86648792,1900,2252125696,2215166.25,134650.4375,1042329.438,17369.47852,109116.7578,242066.5938,9452868,75863.41406,7969665.5,32216978,189839.0938,87639.96875,29459.14258,296300.625,1045584.188,1113221.125,19905110,125773.9141,9859115,870243.125,7950729.5,20323636,2322184.75,131580.2188,102161360,131543584,104965.5,191287.7969,16952120,95610.50781,85237.58594,37412.69141,5038060.5,414848.125,82297.85938,84281.58594,1182824.875,6320902.5,2404603.75,344109440,24156296,526328064,18188920,2082151.5,52075104,39655360,47694.57813,57805.03906,29850306,21019.01953,874627.375,48500268,1712486,881090.375,1931701,158786.7188,3660316.25,405964.125,827621.3125,32273.24023,870905,92420.80469,160369.7969,126417776,27319238,1427149.125,231079.6094,49570.63672,71213.98438,111531.0313,5374163,12061022,500471.8438,19325554,206470112,1902688256,530842.9375,519826.3125,324114.5,5602562,225559.7031,10155572,1122451,663088.3125,190766.5,32334108,286144.375,24542616,551507072,65146.39844,142973.7656,387119744,1761989.875,87295.85938,4482466,101799128,4276179.5,2658127.75,576288.0625,2770098.75,83451288,33213620,3859545,367284.6875,147268064,39788.91406,401809856,22090346,4394110.5,8004615,2400
Root-0hr-D-3,Root-0hr-D,15578918,266893.5625,586408.6875,85444464,314806.7188,7301274.5,57443.19141,1900,86515.82813,11552472,102515.1563,98041.76563,340929.3438,28963.49023,116668.5938,629810.4375,252843.9531,118792.6406,97005.96094,3057935.25,44494.54297,50669.45703,312435.0625,118243728,37726092,156856.125,806863.625,145112928,3214402.25,395002.4375,27489.79297,592470.25,367879.9063,335873.1563,24562728,27576.83594,130443.9063,342636.2813,5162916,20039314,701743808,50290.58594,118483.8203,9723398,1124166.375,8930.780273,14428080,102641240,652535744,27791436,84381.11719,3618444544,342056.1563,68162568,63685216,1900,1945120768,3202294.5,102116.9219,1330633.5,36415.29297,132357.9688,131082.8906,8762987,51881.68359,5556676,20090306,108506.2266,82404.5,29438.87109,267496,942303,141431.4375,11023327,96086.14844,7399888,410607.125,13363424,13897279,3026274.5,132737.4531,92080440,137155840,62889.63672,256657.8594,17449356,68135.03906,85294.28906,46940.32031,2176546.75,435472.625,87893.46094,100825.6016,342167.875,6241339.5,2594892.25,262469232,4612574.5,260457552,13624245,1944217.125,33494582,15269489,62085.94922,31568.31055,45524424,12993.57031,932020.125,33096850,1522824.5,665749.3125,2121142.25,147189.125,2812112.75,194460.4219,614037.0625,83128.53125,700634.8125,159809.4375,122803.8438,93404872,24121008,868502,297722.5313,41885.60156,30008.87695,90744.60156,4060984,13276323,218473.5156,17036250,233019200,1853389952,399835.3125,527179.375,398583.0313,8251139,17089.13281,8995032,829735.375,696612.8125,133562.2813,25339736,421078.1563,22896948,568030336,42062.38281,307418.8125,454309600,1061197.875,58270.36719,3910851.75,84167024,2992687,1946865.5,757925.375,2041454.375,49581164,18848884,2518574.5,285438,104110008,31444.67969,389976064,10737878,4355376.5,6189975.5,2400
Root-24hr-W-1,Root-24hr-W,2557666.75,292897.3438,112104.0781,189874320,278809.25,7331549.5,312283.3438,1900,1295385.25,9173672,24158.20703,24227.93164,370892.1563,153447.4375,82150.44531,1413069.5,168083.1563,13966.85938,70702.36719,993888.4375,9643.681641,34089.63672,233706.125,32564250,17437948,38286.78906,175382.2031,36253888,3627418.5,81820.83594,440548.7188,676723.1875,226295.3125,473263.6875,22698392,287396.4375,120160.5703,123605.1563,2061019.25,20319050,521745312,46419.22266,519467.375,2986047.25,290878.0625,7191.498047,7734280,9741418,107195376,28851258,75724.16406,741420608,231659.4844,63178068,23087142,20740.82422,1626470656,4258773,131135.4531,603133.25,95218.39063,95128.25,82170.875,7168279.5,82727.63281,4769733,12102246,128999.9453,92484.83594,57567.57031,93958.08594,800285.75,25570.31836,19594576,64653.77734,6168933,272965,7888868.5,8760485,760045.9375,139654.3594,43087516,52360776,18149.30664,156830.2813,14634794,74088.71094,33394.21484,22008.29297,1993473,545159.6875,117440,231671.1719,753012.9375,8794717,1288577.375,80800016,3226811,116245832,896458.125,1568756.125,40430660,25202882,65918.45313,18368.66406,3995368.25,6841.666992,1080923.125,21512200,1219361,346303.2813,2140138,123364.75,2512060.75,74509.05469,315532.5625,26691.38086,1252809.25,105851.0313,33703.55469,14277698,15689443,193682.0625,71206.125,27334.58203,1900,58487.87891,101606.5469,22216824,385011.9375,14739738,26791654,246709712,122161.8516,135269.1719,458473.4688,9455298,19930.31641,2852601.75,229300.3594,243053.8125,39625.91016,6700247,135680.5625,6608474,102926912,101129.5156,417896.2813,445076512,1193868.25,2400,1438369.5,12283614,3682925,389665.8125,445187.9063,3299058,28078648,8714252,1809595.375,13198.83887,119245736,34061.58203,44255512,45291424,3800433.75,8366582.5,19973.08008
Root-24hr-W-2,Root-24hr-W,1563359.375,350909,104747.6172,180365504,232200.4531,6633273,434753.5938,1900,1300541.625,14069682,157336.1094,81045.42188,651693.3125,118397.8594,94853.65625,1931507.875,119105.2734,15104.46094,74663.44531,1178070.5,20386.9668,25749.17578,369969.6563,25985988,28759882,70673.74219,141528.875,20971504,5818550.5,75696.97656,541500.5,353270.3125,328070.0938,481621.375,25609822,336131.125,128731.5938,137066.1719,800152.6875,19223294,605507520,51354.63672,202602.8125,297965.6563,318395.875,1900,5965532,7581989,64086564,30733538,79486.11719,593915392,392191.4063,66877164,32007064,11387.47266,1546182528,14941289,356013.4063,552335.0625,58928.05078,78831.4375,57088.78906,8293996,68165.32813,6254154,18699190,213134.8281,201168.1719,74958.76563,88814.8125,709142.5625,29157.54297,17928164,91355.34375,13501632,367416.8125,10152932,27493370,794217.4375,248876.6563,53421548,63072548,13939.80957,183661.8125,23834828,65423.9375,12897.91309,15168.33105,1721935.125,969237.625,74076.39844,181535.2188,380903.5,13070888,725514.8125,68382880,4599943.5,43628752,484040.875,1737253.875,45826684,22929272,62170.42578,13149.96777,4998297,27412.8125,816854.5,45304148,1076743.625,442295.125,1675934.125,73873.89063,3188999.5,84281.86719,439231.4063,11876.94141,897688.9375,76037.91406,30896.79102,4720640.5,15155951,163134.1563,61462.03516,39026.58984,75262.14063,45967.15625,998238.5,14745738,276896,15565090,36064100,137338400,753178.3125,93847.85938,455238.3438,10641240,29232.92383,5259814.5,296946.9688,378287.3438,29142.33789,3753602.5,289707.2188,6953009.5,115198136,34804.80469,553372.5,452012192,938308.3125,38496.08984,3796079.25,6759778.5,5756905,343262.875,998055.625,9669416,37757816,7228414,2442168.5,50814.13281,168615104,79492.80469,32971660,62984856,5026683.5,14263792,7715.846191
Root-24hr-W-3,Root-24hr-W,1900820.75,326789,125622.2422,188127232,228768.4688,6663514.5,434864.7188,1900,2247455.75,17053576,55386.28125,33344.07422,687071.0625,100433.0938,100107.125,2674124.75,137054.8438,15054.18164,195977.2969,1064262.875,15346.76465,26795.05664,208881.8594,51589432,32884448,32849.89844,109850.1641,19896998,8024319,86608.22656,552008.4375,171564.5938,259252.0469,371287.9688,29862858,365651.4375,122085.0781,112893.3438,1537973.625,21007992,611356928,73100.64063,212028.3906,3009370.75,342136.4688,1900,18161992,18837848,101008808,23783452,83578.46875,629472448,295975.0938,62070704,62838552,26205.87109,1705841152,2387231.5,369717.9375,982703.9375,14275.8418,98711.09375,45971.0625,6977801,151759.0156,4206010.5,30244434,192199.1094,137420.5625,70896.21875,82870.19531,744142,13706.48535,24598900,92762.1875,8096189,277557.7813,14523795,11621281,421454.0625,140529.4844,69260304,64058540,14386.36426,195333.8906,25011078,160669.6875,15513.86133,21966.81055,2582903,437285.2813,67234.98438,272234.0938,922411.1875,10748385,1142523.375,81606592,3079942.5,110369704,1187096.25,2224254.75,51091748,107659832,80292.02344,17088.39648,2736294.25,25849.85352,941610.9375,26560282,1106282.625,599417.75,1252791,147967.1406,2041762.5,92911.5,457327.1563,26615.40039,692028.75,61622.41797,20389.00195,10819364,17538346,207093.9219,76966.95313,41087.71094,66914.1875,96923.19531,111625.0547,13899403,244291.0781,9850438,22166664,218782240,119065.4844,167407.2813,545741.75,13255556,22372.31836,2657344,289342.1563,269397.75,135103.0156,6133224,60773.40234,13146554,135855376,24335.41602,488931.5,406044512,1303738.5,2400,2097434.75,9592709,4236400.5,252565.0625,889430.0625,13449821,39015008,10501870,1558319,18989.54102,107577168,55751.67969,19590704,35371156,3042321.5,11445616,15357.66211
Root-24hr-D-1,Root-24hr-D,20084502,452544.5625,1049175.875,105413232,467880.5938,7193857.5,58055.68359,1900,110098.1328,12511825,221688.9219,146564.9688,315065.4063,23815.71289,111781.7578,62999.53906,468116.75,194576.4844,81040.92969,3128845.25,75350.96094,40273.16406,238515.6094,87901944,75432416,261354.8594,871562.9375,21155462,7474288.5,511710.0313,15570.80957,508202.4063,333702.75,456431.8438,26716052,41771.45313,138768.875,324833.5938,14730068,18226482,750319872,45882.05859,780031.4375,24171700,1234951,14548.85449,12500297,171919584,810516096,34670300,114776.4063,3665702912,390760.5938,56856700,165601168,8536.538086,1857023360,27299920,290874.6563,912389.3125,24393.71484,116667.5469,142926.5781,9822105,132940.7031,14520680,90972584,87172.67969,82032.36719,37206.91406,326865.125,911481.8125,115225.5078,20743610,94217.01563,5541806,1644252.875,6680401.5,12831283,2467164.25,78931.40625,80584752,126001728,83195.92188,138337.8594,25740542,135241.9531,125989.4531,67018.27344,4523469.5,350632.5313,204453.2188,198524.5781,1121906.875,6520369.5,2696412.5,395459968,3193330.75,588349440,19246808,1583162.875,50351084,22079632,62047.61719,69545.39063,35881608,52518.52734,787522.8125,42898516,1760017.25,454692.4375,4682436,193641.1406,3660078,285599.75,1097508.875,1792657.375,783807.5625,117538.5078,64938.29688,111285224,32576698,2565008,230016.375,4270194,104412.8516,75695.21875,3265431.75,13574676,991848.9375,27533944,231771904,1662515712,379623.9688,359085.25,280650.2188,6344622,75180.5625,17470410,915897.9375,893043.5625,141917.6406,29305520,5311733,19607028,384867808,58311.91406,828302.4375,412663456,938410.6875,56502.42188,3431430.25,112369800,2310500,2281789,629292,1831553.25,115468336,33203002,2851845.75,149565.3281,104120448,25370.30469,455120960,14859706,6457523.5,3517416,2400
Root-24hr-D-2,Root-24hr-D,30935602,568915.375,1504294.75,83709016,388417.8438,7244051,77088.96875,1900,96955.03906,22775298,158161.5313,110408.5781,475172.9375,44470.28516,108425.8594,44409.62891,441169.2188,285189.2188,102527.2813,4410349.5,175172.0313,56002.26953,516302.7813,149436688,93561752,137232.2969,1330420.75,79835536,9257182,648001.125,18502.80469,986164.125,372171,433789.5625,52531568,51600.88281,161657.4688,125873.6172,10835314,22950772,930949824,57104.43359,601817.5,22896730,814853.875,1900,37243020,208575232,1389058560,28573780,118329.3984,4330809344,321587.6875,55954524,318009440,12840.50977,2049299584,34036920,311829.7813,380698.9375,26263.84375,118399.2266,233662.0625,9918970,210288.1719,40287380,119102672,129701.1484,58287.22266,124157.1953,373870.2813,812605.8125,2422302,34392044,90851.01563,10227552,968574.125,5538197,18619170,2986292.5,84021.10156,97237248,246546880,146452.25,332079.75,35567460,175556.9531,376235.5,281883.8125,8528247,401278.4375,134712.5313,73725.45313,385914.625,7334286,2426993.5,355316544,122381776,364564896,27054616,1600201,72203224,94338304,69659.14063,127997.7031,28265302,67053.94531,752733.875,40902220,4132652.25,840494.5625,5541819.5,254276.3906,6264118.5,388596.2813,1058507.25,130825.4609,901774.3125,198560.0625,197928.4219,239586928,41475444,2360811,438047.7188,87791.42969,56947.76563,144833.5469,5168161.5,14230745,902713.875,50738616,323301024,2137728000,225607.4844,918654.4375,411544.875,6639257.5,320102.375,17646724,1318504.625,1378252.25,186494.0625,41941264,1493443.25,18544838,852632704,156442.2656,937079.3125,372178400,1175773.375,189359.5781,5649039.5,167675008,2912187.5,3268495.25,771504.1875,3227952.25,83953664,37303976,8424944,203152.0156,118897632,59998.20703,610462592,17444036,3115073.75,3698619.75,151531.6094
Root-24hr-D-3,Root-24hr-D,18599328,242911.9063,825134.75,118499912,686896.25,17730416,53853.97266,1900,219374.3438,13884698,120502.6563,84335.5625,467553.6875,73902.76563,103206.5156,88263.32813,408357.9375,157925.3594,103026.1641,3160394,66230.50781,50501.39844,1574295.625,107823672,60332100,292952.9063,1137261.125,76964040,4994105,440963.5625,19953.2168,555485,431990.7813,358110.9688,34135104,63542.79297,149819.4531,219018.2344,8594745,21697774,722769792,60863.15234,349521.375,15332543,655813.0625,33993.19531,34250448,131844232,670286848,41810608,92099.54688,3831328768,285622.9375,67231472,103406992,38837.41797,1899431936,6299688.5,110251.7266,684520.1875,22230.75977,137248.9219,335074.9375,16103434,82138.73438,22896754,58862912,145513.4063,153226.6406,38400.79688,284936.9063,1063917.125,139698.0156,43131840,96110.97656,11349943,847738.8125,5102373,23728736,2821983.75,94071.97656,63715272,145403456,81240.35156,184732.7813,18692268,71718.73438,148044.4688,54634.45703,16554227,712495.1875,103033.4219,65013.19531,854617.9375,8220189,2229646.5,313282816,4400293,322129856,13776723,2109489,45829020,128073368,25329.00781,46533.62109,18333876,17781.17773,910552,69647304,2944672.25,725219.625,7642473.5,134958.9531,5026421.5,342046.7813,910324.5625,47680.54688,1056009.75,107476.1016,153758.4375,132738480,33510948,2183238.25,462975.8125,60424.42188,75519.125,62307.81641,1513404.875,11661316,299709.3438,43722692,223457456,1631427968,423267.5625,562147.6875,399284.5,4224435,41621.75391,16928488,1293338.625,1689582.375,36781.00781,27601786,729390.5,39010488,469081472,134547.9219,599229.125,430617696,2616826.5,61383.05859,7053182.5,98045240,3802181.75,2333030,1467456.5,5725342.5,76426736,22305296,10509280,140735.5625,175413712,52119.57813,485233056,10904185,4585079,4837376,2400
Rhizo-0hr-W-1,Rhizo-0hr-W,364380.1875,15411.85547,286126.0625,3131849.25,701135.25,1184215.875,23127.05273,46053.37109,74983.61719,32731600,619064.625,454808.6563,6652556.5,57787.26563,68162.0625,209668.0313,49904.84375,2400,16238.19824,514060.6875,25409.33984,22028.34375,116227.9688,10492311,5564375,47628.38672,78730.14844,116666160,419189.2188,113439.7344,248404.2656,24941.56836,64678.13281,1623237.25,1985036.75,64081.26563,211148.2656,559690.625,865018.75,6174836.5,87268056,61570.87109,2400,1948407.375,548877.5,8210.470703,20566042,302416.6563,4960778.5,11672228,57961.70703,361761696,250770.4063,49692356,26236660,109853.3594,11735094,77400528,668636.375,354046.5313,152775.9844,33227.77344,501548.375,3589720.25,24882.47461,3426838,6206986.5,2423094.5,1488998.625,420590.8438,43011.27344,69067.65625,68406.03125,174616.4844,87724.85156,1221869.125,93916.82813,1835763.875,1627827.375,34774.28906,4956.803711,28198752,3438270.75,2400,5601854,16518945,50915.00781,17928.19531,8693.124023,1760727.125,11459876,254506.1094,124601.2891,43580.51172,7675262,99719.15625,26207040,4908049,31904610,15066.20508,1492852.125,584649.75,7868857,54754.47656,420849.5938,51507.23438,93734.09375,1357639.625,10312221,586120.4375,399648,4589178,37596.88672,5494165,291440.125,44973.80469,57415.35156,604207.1875,37285.84375,72252.875,2400,1646563.25,39751.81641,232383.2344,21656.70898,774545.5,48474.31641,322568,18955210,489760.1875,3912908,7830064,83296592,348657.2813,57827.69531,1643539.5,4709426.5,18743.56055,4923827,124983.0313,175082.6094,13058.96875,644321.5,6164.532227,981618.625,10356807,99582.48438,7378.93457,289419872,143966.0313,49121.25,17842.7207,572999,19749982,148779.9844,329450.6563,25661366,3648409,2277785,56168568,8086.44043,30267138,4603.214844,1538933,1318282.25,19270990,916417.0625,8308.680664
Rhizo-0hr-W-2,Rhizo-0hr-W,301743.875,7182.333984,111671.8672,15549029,354579.1875,2271199.5,69566,50966.03906,503435.3125,21123268,14814.55273,41422.11719,13501472,96863.72656,215776.0781,7938092.5,112878.3438,2400,125033.1641,1036959.563,6219.828125,93558.60156,162137.9531,833941.5,981679.5,121620.0313,133398.0469,367050176,28771.07617,49128.17969,154636.9688,90538.125,10640.7041,2501369.5,847214.125,126492.75,236603.3906,127499.4063,228896.5625,19782036,28136742,37669.42969,16164.31641,35961.90625,43092.16797,1900,30888666,108384.9453,36376.63281,36978152,66202.53125,109505896,52433.12891,29495718,2564555,9474.444336,2777649,39671264,25850.86328,190659.5469,248184.8125,43693.82422,306681.6563,8540260,2400,1066650.625,746617.4375,2488558,5773285,159845.875,62142.66016,91912.625,194459.25,3252944.25,81572.78906,21599598,89470.41406,17940044,54325812,106246.5313,11895.58984,1193151.625,77404.24219,2400,9673892,5724455.5,2400,5010.938965,2400,7976497.5,10400332,79444.55469,61741.22656,34591.67578,24199884,702179.125,2549232,18442522,9176302,10547.51172,4595946,36540344,46911240,34778.35156,10193.15527,584204.875,72788.46094,1663194.25,15868339,930581.875,1153075.875,1465422.125,45827.32813,10721363,122544.7578,5999.125488,14577.46289,1218064.375,95968.09375,65109.82422,2400,1056395.5,2400,155665.4688,16349.01953,501443.375,2400,1372774.75,21247418,249041.9375,7125086.5,774296.875,4235104,397407.3438,49359.11328,207329.0781,45691028,2400,623603.875,368656.4688,15974.14844,10642.87012,29897.01758,5292.19873,2982421.25,86051.39063,93212.61719,7606.102539,4859795.5,747333.8125,2400,2400,107897.0625,38081232,12555.60645,809580.875,52972156,293591.1875,328341.5625,87716512,1917802.5,62607172,12573.79297,8279173.5,8081774.5,26722114,3325672.75,4953.07666
Rhizo-0hr-W-3,Rhizo-0hr-W,325655.0625,7249.477051,314058.0313,18563360,471554.9063,1168706.625,40816.30469,110995.1328,199493.8906,36743264,613535.0625,200478.4063,17198746,33330.17578,168703.625,1088592.75,50857.27734,2400,112225.9219,855198.6875,66203.26563,59343.48828,205694.1563,6712073,4916143.5,99209.46094,153321.7656,283218784,265296.8438,97563.65625,7856.432617,55606.53125,40748.98047,1323169.125,1875009.875,18321.8125,328594.7813,848141.1875,574300.5,11537202,60085776,62454.42969,16704.11719,558798.9375,209653.2969,1900,20885826,749200.875,1022436.313,28625974,61779.00391,340364384,282842.5,42333872,45913132,186200.0938,27987846,148529872,740649.125,213046.9063,145825.3594,37273.08594,276260.875,10339927,2400,2551527.25,16293489,4442171,7981072.5,236935.2969,42890.65234,87739.44531,179152.6875,1049354.625,94489.82031,13496328,131721.625,6855641,16498911,88230.64844,5975.19043,13824048,1203801.75,2400,14857318,16675455,2400,36407.50781,2400,10575834,20733164,206249.5469,140102.6406,68643.9375,12863374,480190.6563,15637099,9874618,35470484,57914.45703,2757552.75,6570344,38188948,66887.30469,20361.85547,487144.6563,112093.3203,1413112.375,13154762,1789424.125,971311.375,6219032,79156.75,13039731,165338.2813,24434.50195,78694.97656,1685860.375,171201.375,119299.8672,2400,739778.1875,13533.23047,381164.1563,18326.68945,506613.0938,2400,1108942.875,24841506,276756.0938,5117167.5,5225635,37548616,1193598.625,44901.61328,814189.5,19196986,15565.25488,4240166,221584.5,104964.2031,2400,247948.3438,6080.90918,2484398.25,1319449.75,112539.5625,12776.125,250329200,1008029.688,7839.663086,32420.95898,431161.875,44402636,90857.17969,1014699.063,51480576,2767954.25,2094388.375,121068696,109612.9219,53063652,1900,7969403,12407678,37443932,3188114.5,6333.803711
Rhizo-0hr-D-1,Rhizo-0hr-D,6096142.5,2400,1134754.875,30077302,1414936,5629752,67156.0625,105171.8047,56630.61328,172022048,1298112,608676.625,10047895,67534.33594,113453.1563,5310299,713164.8125,135690.75,107492.2188,1336703.75,129159.0313,49040.84375,680599.4375,130172648,23480176,435484.0625,515189.4375,1128670080,992248,544986.3125,101751.5313,132773.1563,252832.2344,1280615.75,9227487,16821.56055,176438.2344,884169.8125,3278755,40628916,561404672,53817.62891,64232.92578,16926448,559051.25,1900,59702276,23964920,240262752,26598182,96254.60938,3177364224,462543.7813,67499360,174745392,235434.5625,1323135872,113765456,1975693.875,610379.25,43397.54688,36007.83203,357113.4063,10590784,499146.6563,12683935,46471788,1429436.75,6255166,275334.0313,262532.5313,692471.4375,1705287,6353470.5,1900,14240797,362431.6875,8046007.5,35530872,672102.125,8879.762695,46334284,46040608,74738.23438,3293820,59717676,72272.89844,81866.45313,13281.28613,26177408,18302094,471279.7813,137663.7188,173976.8438,8007341.5,112829.8594,149410112,481801.8438,149456448,1500145.375,5968514,7611266,111182304,26728.6543,107937.5313,5647752.5,115363.6563,1424763.75,20604896,1947799.25,1467811.5,1698578.5,151375.9844,9716703,440376.7188,961703.25,56511.61328,2261602.25,225113.1094,479007.9063,11194016,7910959.5,590971.9375,206510.4531,65903.52344,1381855.25,91980.79688,1937920.625,18680100,2793090.5,7454728,254006464,2056468608,406070.0938,128150.2578,310060.2188,5720642,2400,24637172,624710.25,776339.25,15903.87109,11783747,8601.905273,5064007.5,192121632,298986.625,2400,347326752,3184913.75,78146.14844,161882.5313,30606524,33750036,1177504.125,1061494.75,41989092,20011916,15281531,39382368,78279096,130003648,140970.25,21755858,6493509.5,20592074,2974128,70139.82813
Rhizo-0hr-D-2,Rhizo-0hr-D,1609899.125,2400,666806.3125,34624052,393818.9063,9803654,63661.82031,83038.125,103010.9453,129955416,2844059,1253672.25,24327178,418479.875,246929.0313,924932.5,555876.4375,28557.26563,436576.5313,2499216.75,25944.40625,14753.05957,555942.8125,53425372,13402359,223204.8125,780472.6875,619926656,395959.0313,309375,43692.07031,938573.5,107061.2344,1346973.25,2995373.75,38058.60547,132643.3438,1012800.5,521656.0313,150186112,275735360,100283.1641,520134.8125,14087421,335991.8438,1900,101899376,44531628,98863520,53981340,74427.75,2580151808,139598.4844,69997632,201302400,13170.04492,660803520,166269184,1930699.5,454912.4688,257444.7031,54333.36719,230663.9531,29638074,132729.4219,17088390,66925860,4894146.5,12959307,269936.2188,205966.4688,915310.4375,1311290.25,35071636,39915.96484,34530100,300645.7188,9416866,17004154,280791.2188,13600.44434,16331470,18827846,69072.85156,17029760,23637818,176404.8438,360981.7813,8876.485352,7886167,8909256,181456.4844,181850.9063,86928.44531,32759518,448728,42374412,6388747.5,68677592,3902475.75,6637773.5,92777448,214252464,32139.33008,58833.92578,16635583,91239.03906,1413087.375,39444564,1362356.125,2233643.5,1720830.75,76897.73438,15098905,200041.0781,1481924.5,77633.32813,2011591.5,116698.375,186942.0469,6597807.5,4325065,51732.75391,140007.2969,85547.34375,412911,38924.21875,3765756.5,17266006,229878.375,17031698,147164464,557659904,762319.4375,68867.14844,346466.1875,13338633,2400,4797373.5,1295826,312742.375,15710.7207,4461620.5,9090.469727,6855246,103363944,227999,2400,254266688,15696264,830622.875,57098.31641,7476216,99764408,286636.5313,645679.6875,45458980,5389574,6994381,27539314,1213739.625,220670048,235678.3906,92415456,16613146,15123201,13690892,143448.1563
Rhizo-0hr-D-3,Rhizo-0hr-D,1303653.375,2400,1120718.375,18253180,367116.9375,2030059.75,30941.62109,55316.92969,811060.3125,29911360,663792.25,359544.2188,14599400,424375.8438,473865.7813,6429546,300887.5313,13020.63184,178107.7656,1090220.25,37666.11719,83942.39063,344207.1563,63281180,11693758,109140.7344,356354.1563,272001152,402180.2813,111546.625,123746.5859,81980.11719,147654.625,2122616.5,2680406.5,187398.4063,134581.875,2335144.25,1441528.625,24902116,103802656,62199,11770.05078,8455191,597865.875,6015.620605,104811336,3207465,43970204,26681382,66592.14844,1786687232,372666.0938,61854704,167766800,55363.32031,176214464,192309504,2207966,340510.8438,236293.1094,57747.94922,197419.6563,16693675,149391.8438,7058360.5,117070320,4307285,7146714,496019.4688,77035.70313,134424.3594,540756.6875,14405786,92493.78125,44145500,174988.7031,10130063,22716434,231260.0313,6636.743164,33184896,11123062,17027.43945,24975960,26570718,134167.1719,16367.16504,8241.96582,5221011.5,20098828,693749.25,110756.2813,81368.42969,46125152,638177.1875,69752312,4540453.5,96693840,97033.10938,3000375.75,47644424,119368832,41768.58203,29122.94531,2882538.25,119027.3828,1492971.25,19102990,693587.75,1786454.875,2930961,52407.74609,8048614,124407.6094,113367.3672,76588.5,2234589.5,125723.9766,90175.71875,42633.42578,1172929.375,81051.04688,119722.0469,29287.5918,1785137.5,51911.30078,474135.1875,19593618,350004,14444676,129113704,1237070080,963466.25,84559.78906,324814.6563,15443225,2400,19028546,610811.125,140871.4375,14656.50977,3028356.75,5902.965332,5108723.5,21987050,94034.89063,6009.5,320383616,4809174,177296.5,53856.22656,6485384,54739072,634637,936539.3125,134336800,15409179,11182178,81735752,257713.2969,128168144,9078.232422,35026312,10616262,24153742,3524709.75,7585.039551
Rhizo-24hr-W-1,Rhizo-24hr-W,310997.3438,6815.344238,67389.78125,3285640.5,678521.0625,2583396.5,24126.60938,62658.42578,30272.66992,76027816,24465.09375,27751.66992,21294282,1900,80395.0625,70325.35156,41010.03516,2400,32073.33398,456540.1563,8951.992188,8656.325195,236250.0625,2492084.75,6016261,140213.4844,95656.04688,135588192,112790.8516,56309.02734,25061.79102,10908.04297,91244.35938,2038763.375,1290882.25,106282.9219,297010.5938,121122.3281,173071.3125,36295748,110536488,47190.17578,11203.71289,127402.1328,117012.2188,1900,8822550,178985.4063,136785.5781,44603452,72131.60938,139842048,203478.8125,28354188,10771824,43354.44141,4748651.5,60283272,76771.92188,194499.125,136646.4375,34645.73438,728996.75,12552289,2400,4886992,3320921,8217860.5,15010659,289518.75,43884.83984,74929.5625,48071.80469,230882.2188,85960.61719,6235413,104597.7969,5294167.5,3873383,29286.13672,1900,6635163.5,146812.2813,2400,8520712,15656715,2400,6258.866699,12354.57031,1690194.375,21866108,224722.7969,64877.63672,73499.3125,24135568,168438.0625,12013990,11239709,42161124,27613.08594,3113912,1385987.375,10794933,16738.61523,5211.584961,1900,75485.97656,1176444.5,13602671,704517.0625,1006114.313,4735837,154007.2031,12648592,333383.6563,10753.31055,182372.75,601421.0625,52938.09375,178516.4531,2400,400340.4688,11677.79297,103097.0859,16401.74805,703975.5625,2400,641010.1875,20790434,196966.6406,10515381,2404935.25,8816552,439291.5938,40688.44141,95291.64063,3843847.5,2400,732271,397488.9063,12826.88867,15736.69727,109923,5784.890137,1906562.375,56743.52734,84698.5625,9694.226563,23566166,156548.6875,31828.45703,2400,273759.375,70523160,19769.79102,744209.0625,7712511,753838.125,1117541.75,111995496,1900,106612704,1900,6368812,4195331.5,32409614,2319227.25,7371.422363
Rhizo-24hr-W-2,Rhizo-24hr-W,352687.9375,33180.91016,111475.2422,11882481,320673.625,1728459,31459.94727,100686.4453,551260.4375,55376092,23317.03711,45169.09375,21383160,11250.37598,122951.9063,353585.5625,103147.7813,2400,29558.05859,1164840.875,15771.77246,39189.28516,166221.4063,996226.9375,1386513.25,129109.2891,83888.03125,140396848,68580.96875,71985.26563,23095.72852,50657.47266,35678.70703,2724959.25,972927.625,214663.5625,301015.1875,306945.5625,315457.3125,28756374,58367648,57402.35547,15095.56152,71226.82031,44003.40625,7208.089844,23692008,130568.5703,65980.76563,29919366,64090.97656,120967664,354060.5625,33670296,4584027.5,46689.33594,7169043.5,68812088,58838.11328,199117.4063,52911.69141,42975.97656,288588.125,8317630.5,2400,2236852,2023528.75,8055491.5,5558926.5,301381.6563,31266.75586,62523.23438,63701.85938,927369.3125,97016.45313,2111400,61469.32813,2332487.5,842778.0625,28762.33008,1900,1725742.875,162526.6406,2400,12654577,11166975,2400,4323.10498,7918.388672,3037544.5,10972040,267400.5938,202992.9531,28324.93555,11693673,897036.3125,9208551,3122456.5,13842605,10728.75098,1768098.25,1528381.375,35153896,21586.20898,11568.72656,238968,66116.51563,1535105.875,7963310.5,325180.5938,550753.125,4098471.75,100739.8594,8908973,189345.4219,8128.306641,37587.96875,421255.1875,49728.12109,92323.8125,2400,531696.5,6574.811035,84836.33594,14274.84277,609787.75,2400,342482.5313,20032768,291054.375,4854065.5,4065756,16271690,1046739.313,35816.9375,215731.4375,13529197,2400,1511639.125,324216.75,23644.43555,13061.26074,55379.75,5504.614258,1320424.75,92840.28906,108982.7969,6689.821289,37072480,782612.3125,6464.587402,2400,218471.9844,48146864,42325.48828,1057224,9451153,1175517.625,1160345.625,108172208,11172.41309,34052468,1900,4676872.5,14040637,45506852,2078054,5559.970703
Rhizo-24hr-W-3,Rhizo-24hr-W,316662.2813,4798.51416,158982.8594,11192123,502238.4375,1388035.375,13261.07324,168463.9688,21990.9043,64267220,66152.10938,24931.07422,14701699,1900,93749.9375,27162.13672,37524.51953,2400,34316.32031,749669.1875,144266.0938,7773.985352,308268.4063,1720797.625,7161003.5,110258.5234,107021.3125,173434800,97335.19531,75920.25781,8529.923828,68800.49219,70600.21875,830256.75,944395.6875,30372.10938,253859.4844,244972.3281,200687.25,44699460,69077008,66877.8125,36644.83594,108809.2734,76407.01563,104772.7188,19959132,243821.125,102378.9297,30880596,57018.0625,211499264,170937.6875,30700408,22098566,83049.44531,4752295,140221424,222745.0625,228140.125,100294.8984,36517.11719,588744.3125,9677121,2400,5915535,6932749,6264370.5,10034428,232397.9063,46475.875,68601.36719,236941.9063,574993.8125,116129.9375,2461787.25,123877.8672,2450979,1765183.625,25074.0957,1900,5233439.5,384593.375,2400,10692150,9688943,2400,20597.50781,2400,4403722.5,17956126,180554.9688,83530.5,150997.8125,11223462,307379.125,7854668,2349965.25,22852862,17502.45313,2147858.25,974278.8125,15166559,35489.73438,20662.37891,6605.132324,77137.6875,1015637.188,8734536,777754.9375,1012915.875,5803678.5,143997.4844,11580304,181879.3906,9455.003906,106325.0156,987505.6875,84761.27344,243325.2031,2400,330086.3438,8573.329102,234595.1875,18759.25586,648528.6875,2400,261302.4063,23686088,382477.1563,2869371.5,2951588.25,14727032,839111.625,36508.625,89458.04688,2844339.25,2400,3334700.75,241089.2344,84667.45313,16217.81934,82203.09375,4417.13916,1126738,144220.9688,129755.3125,13513.21973,49904012,913652,2400,6520.577637,131816.5469,49387308,39346.83203,1045289.125,13935506,831970.25,869924.5625,122596408,1900,60053888,1900,5371300,7944791.5,39949956,945145.1875,4118.165039
Rhizo-24hr-D-1,Rhizo-24hr-D,361434.0313,54851.50391,119171.5078,10828690,341127.7188,1210342.125,14122.27637,11353.625,17234.65039,7081635,1336279.125,573650,18804484,45055.63672,205910.7031,891012.875,46662.10938,2400,77877.125,904204.1875,17688.40234,33366.35938,273180.3438,1725334.25,791920.125,324960.2188,295420.375,187543520,25589.62305,40877.10547,1900,80568.65625,15320.32227,1301819.125,533278.875,12892.26758,161238.5,103386.4688,102580.4375,116829344,22482350,52887.65625,32223.20703,628222.5,38196.74219,1900,3287157.75,487106.1563,1344259.625,120595544,64583.91016,282116672,47039.38281,32610526,10472521,84204.46094,25261382,17882128,138823.9063,117512.6172,189417.2188,27224.59766,182292.9844,27170688,2400,1561951.5,8472080,3076888,13145682,66595.80469,101776.2109,236581.5781,40005.33203,731436.8125,39401.21094,20215674,45076.62891,4288033.5,12166589,119613.9531,7043.700684,950869.4375,477536.7813,2400,22326510,2011291.875,2400,10956.4375,2400,9612116,20510070,101105.5234,151453.7188,15432.13184,51324548,363759.75,2682332.25,1481463.875,5895725,44477.12891,1683490,3345593.25,26419712,30571.00781,6930.128906,1275024,22384.98438,723364.1875,32727676,284743.8125,3341954.25,1225861.5,141499.3906,21696374,221341.1875,8154.326172,17723.43555,2789514,129065.4219,176714.1406,11384.53223,950622.875,2400,50960.72656,9024.298828,451021.7813,2400,1333627.75,22451356,216704.5625,13704548,6062724.5,11987581,311376.4375,35725.23438,55363.69922,13307503,2400,497534.5625,356917.0938,49844.11719,11088.47168,99510.89063,3987.435791,3363860,238877.7031,89033.98438,8937.56543,59200712,1844135.75,2400,16533.38477,246099.1406,68213400,15195.31836,890480.0625,25513086,495299.7813,585903.9375,137391168,16229.38477,224490816,19117.08984,24295698,4947875,53023740,7088278,9819.015625
Rhizo-24hr-D-2,Rhizo-24hr-D,663083.5625,2400,787991.1875,13122156,593452,2016812.25,15646.35156,39550.02344,14501.44336,72131776,1894700,883569.6875,19492314,1900,120638.4063,301552.5625,90937.46094,40315.03516,113272.4219,891688.8125,122799.0547,12616.26855,421697.7813,37268216,6047579,192686.9063,180020.7656,338888928,192747.1094,144647.6875,8515.228516,101302.6172,219201.0469,894456.1875,1359001.375,12737.4541,164545.5,156519.4844,240330.9219,114547648,369740832,57345.76953,191090.9844,9249020,277538.75,6066.072754,2967474.5,16717203,36411140,92474184,117284.8359,2349348096,144537.8125,57993536,52374636,208220.3438,718133568,48060476,1353689,209324.6406,137799.7188,34000.96484,470878.0625,19249304,2400,12902751,31552724,1652109.125,9977631,304785.6875,247106.3125,651223.75,66484.23438,238658.25,21086.58789,36235844,734072.4375,5086694.5,27116224,204830.6094,8951.251953,35177920,48206524,33756.71875,14371552,38714024,2400,39874.09766,10094.86035,8417024,35504212,363402.875,125068.7734,122229.3359,32079488,149929.7813,32487024,565905.5,83754848,1331573.125,1911759.25,3148622.5,9219107,15174.25391,12307.85156,452867.9375,102422.0156,1219339,39243280,791541.75,1153475,3750671,138864.9219,26301694,336733.2188,145132.0938,155167.6094,4375586.5,189051.6563,332217.0625,1153614.5,1704077.625,142765.4688,75473.22656,44358.75781,453626.1875,40111.27734,2859615.25,22894262,306245.5938,11859149,49009832,143061328,614757.625,85212.52344,227193.25,8788425,2400,2988969,327131.375,178432.75,13147.84082,2367908.5,6756.821289,2232224.25,762888.9375,100930.5625,2400,250319888,134283.0313,64136.37109,47847.41016,2496531.5,47868900,107514.7422,1330103.375,8944938,3638516.5,6757916.5,159669424,185553.6406,253502192,1900,20924602,5672762,41943220,7668873.5,36732.59766
Rhizo-24hr-D-3,Rhizo-24hr-D,636228.375,22832.62109,378121.8125,936149,497824.625,896263.0625,14157.38281,33836.58594,12528.42383,89544768,1335445,709669.875,1483050.125,1900,26339.43555,58121.30078,44330.11328,11638.42383,8192.943359,537162.8125,70646.05469,29913.14844,57682.46094,35843384,5411336,32689.18945,84068.53906,41418364,112124.25,83323.60938,1900,45863.60547,123009.5313,1232411,4286682,1900,130735.6875,99865.32031,406518.5625,7245663.5,371085696,59780.03516,1105898.125,5327113.5,115788.4688,5363.94043,545200.9375,8001961.5,24670198,5889404.5,74228.69531,1600487296,226464.2813,47947908,34059884,60579.96094,434987936,54465156,520283.0313,222388.1563,382159.9063,25428.58984,277228.9063,1369941.5,67396.49219,6523487.5,30674550,371248,583951.75,262198.5625,32836.23828,386588.9375,1900,66534.80469,97365.03906,671887.1875,318473.5625,581580.375,798217.1875,99863.29688,1900,10596906,22796136,13418.07324,1698968.75,42872728,2400,46184.38281,9370.512695,2513752.25,2043326.625,381976.4063,122165.7266,50467.47656,1293320.125,73502.33594,45695396,167299.6094,65499608,404208.75,709535.25,184114.0156,1450745,42066.91406,7156.596191,21292.68555,61079.85156,1224319.375,2618646,298251.1875,169100.7813,1320855.875,138436.6094,2661953.5,204026.6563,88664.41406,204654.8438,347147.4375,57843.89063,55965.07422,174414.5938,1822658.375,47951.85156,36172.70313,27700.99219,484456.1563,2400,246192.7656,26716958,1452799.25,1121242.125,42130488,226457936,409859.25,82372.625,1011698.563,1058632.875,2400,6469579.5,66860.1875,121844.8125,14016.95215,1856168.375,4208.637695,351722.7813,5296546.5,98693.07031,7508.636719,349668992,235192.6719,44733.48828,22540.03125,2253156.75,5526132,317135.2813,637375.375,19668482,5650252,7622965.5,24006740,1900,11984103,1900,1942513.25,1144714.875,7811182.5,85726.10156,10971.71094
Soil-0hr-W-1,Soil-0hr-W,294308.6563,14762.99219,11480.66992,1257990.5,470205.1563,551616,25773.2832,57570.03906,38736.66797,10302209,2400,2400,5493409,1900,24403.24609,49741.52344,37040.86719,2400,6216.091309,399937.4688,18647.19336,12533.87305,56014.72266,77920.36719,84746.27344,50951.75391,61715.00781,20539024,22707.94531,38263.24609,8165.399414,7131.294922,2400,2930239.75,634732.375,29823.90625,135691.5469,41474.28906,88463.85938,5191658.5,9119058,14678.91602,26314.08203,8019.57959,2400,5062.975586,177682.6719,87817.09375,2400,3352588.25,698757.0625,12423375,19180.17969,11985517,119377.4219,53460.23438,308359.3125,5188683.5,2400,72518.1875,46659.25391,34613.05469,70005.0625,400889.7188,2400,329701.5625,19406.57031,1646337.625,1330304.625,61363.14844,11808.91016,84101.10156,1900,119325.5391,22998.19727,1772663.75,10563.59277,241184.875,400173,1900,1900,16403.55664,2400,2400,2667896,536494.125,2400,2400,2400,150422.2969,1493528.125,97400.84375,250895.2656,12427.16992,1915059.375,173202.5313,288586.0938,140170.0156,1007685,12154.47754,802534,179612.0156,348189.8125,26576.01758,19338.52148,1900,48021.69141,1547199.25,1265878.75,158968.4375,147861.3594,203169.5313,34000.19531,1380861.5,921849.3125,8238.918945,7261.720703,76032.88281,5142.171387,231155.3906,2400,2598666.75,2400,8665.087891,9775.855469,752125.4375,2400,92692.89063,20412892,170227.4844,266050.0313,59312.74609,227832.9688,150164.2031,40399.77734,108085.4375,1815791.375,2400,73795.05469,31622.88281,2400,13945.16406,2400,5604.233398,227072.6094,23323.46094,91042.42969,7123.952148,337899.5938,93026.58594,2400,2400,37886.82031,15317600,2400,519827.4375,5403964,10416.22656,29411.20703,26997100,1900,8306885,1900,240511.2188,679160.4375,5673672,58041.44531,2400
Soil-0hr-W-2,Soil-0hr-W,297887.875,14754.20996,15896.5791,730362.8125,1022041.5,324812.3125,15764.1416,43063.78906,33730.0625,8246112.5,2400,2400,2844840.5,26562.33008,20923.78906,27979.91602,27265.42188,2400,6634.992188,698170.1875,7448.404297,18208.59375,43338.99219,83602.5625,134405.875,40082.74219,49895.57031,2917001,20439.02344,37041.59375,6676.388672,9261.561523,7221.478027,2724260.5,508039.1563,20771.16992,177540.625,53367.39063,80357.19531,4838775,6083047,36369.73438,12607.51367,4849.736328,14832.36035,6547.934082,44712.11719,101871.7344,17322.92773,3925855.75,79837.24219,23661596,20601.64648,29032704,358406,66974.91406,1124818.75,10012184,10361.83887,130088.9531,68336.46875,30626.43359,179810.0625,222305.4219,2400,299804.7188,66543.17188,737430.5625,371460.5,39637.73828,12002.51855,131541.5156,1900,68137.63281,3570.320068,192771.4219,15067.15137,124290.0938,37253.03516,1900,1900,133265.2969,75542.10156,2400,2242454.75,427723.75,2400,5709,2400,93313.44531,3245982.5,78532.48438,150949.2031,11934.21777,740048.6875,24777.49219,309475.3438,70985.57031,937028,11064.80859,490353,76564.375,115138.7266,34815.60938,10353.9668,1900,28525.08789,1929494.875,795642.0625,200625.3906,116571.0547,350901.0625,50099.10547,1132455.625,374426.2188,8547.386719,8486.201172,56051.14844,7637.547363,50950.55469,2400,2036595.25,2400,11113.26953,8585.091797,859522.9375,2400,125016.4844,16552118,162432.5469,446444.5625,92187.4375,1028305.25,216085.1094,26525.63086,210931.8438,1138972.25,2400,429543.8438,40201.43359,4277.178223,13196.4043,14912.43066,5403.828125,306034.5938,23179.24805,106359.7578,5993.430664,559795.25,98922.70313,5844.908691,2400,63935.54688,8315183,2400,598640.4375,2543692.5,48898.94141,58209.55469,12965907,1900,4785869,1900,161593.4063,248942.9844,5730967,108987.5313,2400
Soil-0hr-W-3,Soil-0hr-W,313626.5313,34081.99219,35585.26172,812868.5,468682.5313,565972.6875,13446.72461,17113.00977,31231.81641,12813589,2400,12788.06055,2227770.25,5224.711914,20241.45703,27013.28906,36896.12109,2400,9065.236328,502306.8438,12438.31836,8960.615234,42987.78906,108521.5703,80233.42969,34981.80469,43181.45703,13876588,24361.45117,32703.83203,7531.837402,1900,13785.29492,3594873,885473,34703.66406,132345.7656,48751.53906,109501.2109,2500726.75,13745390,33408.16797,15355.92188,5380.794434,16758.04688,6986.150391,143579.4531,120416.8906,30162.52734,4006651.5,60313.21094,14293791,16805.40625,16208039,212285.0313,34445.75,842553.6875,11685850,10832.49902,92712.10156,49655.36328,36255.5625,243726.7344,305711.3438,2400,538736.9375,22648.44727,899303.5625,343252.25,43165.32031,12084.75586,57467.46484,1900,76545.80469,31567.52539,790072.9375,32770.49609,231465.4375,713034.6875,4838.965332,3856.539551,126924.3203,12230.18652,2400,1638846.5,856271.25,2400,3318.915527,2400,158918.4219,1282455.75,159805.9531,441753.3438,13932.47363,559171.6875,178016.6719,480238.625,95479.52344,789521.1875,9354.27832,793763,151447.4844,226773.8594,33856.53516,5940.995605,5302.788086,35446.52734,1921356.125,1885718.5,152832.1406,196017.5156,648105.6875,40034.70313,1412539.75,210097.3594,8348.560547,6479.466797,69954.04688,9371.415039,37462.39844,2400,2290876.25,2400,18350.36914,11518.94727,918429.375,2400,115248.9766,11749907,181413,511353.375,172690.4219,889446.375,197053.5469,23666.0293,153025.8125,1724039.75,2400,98177.84375,36988.49219,5530.527832,9982.633789,2400,6714.615723,344413.7188,2400,122556.7422,14998.25781,1747736,127716.1875,6574.27002,2400,68376.52344,6155828,2400,575006.4375,2888337.25,13374.31836,52503.82031,11313252,1900,2709641.25,1900,211972.8125,549833.0625,5020953,138483.8438,3197.317139
Soil-0hr-D-1,Soil-0hr-D,288127.4063,30415.77539,15774.51172,775375,513820.625,1042856.188,7606.503906,43313.57813,18612.25195,19943028,213609.625,115924.3906,8092937,10220.57031,18245.80078,12455.23047,39472.94141,2400,5802.20459,539379.875,5278.859863,8709.546875,138135.9375,408825.25,347830.9063,34068.08594,56588.10156,2839810.75,25119.56836,48940.96484,1900,6276.15625,27641.58789,1847838.75,442967.7188,9694.78418,113970.2734,69634.14063,81431.79688,3330968,32267326,36565.46094,29810.22266,98177.74219,10252.00098,4591.257813,507252.75,100927.4688,32913.98047,1948101.125,3126190,78766920,5771.934082,34787096,1587635.5,44718.02344,2182804.25,92065544,20561.8457,109971.9844,301815.625,50659.56641,78842.41406,2396658.5,2400,1254149.875,460010.7188,3782541.75,1876794.5,33719.43359,25091.60742,48350.43359,23027.31641,52876.9375,122963.625,441610.9063,12180.85645,205913.125,266109.25,8598.733398,1900,188490.125,34097.47266,2400,1515822.25,3040258.5,2400,6352.51709,9412.070313,75662.27344,2530762.5,62325.78906,113566.4922,33997.09766,10594349,33638.39063,1000906.5,51523.38281,2741054.25,13043.83105,969352.6875,293847.5313,1268002,15867.79297,6881.769043,27427.86523,143570.3281,1708004.5,1591820.375,205333.8125,335832.375,735975.625,44518.44141,672090.625,245302.1563,6899.881348,16511.94727,112686.3828,10634.84766,64323.60938,2400,1994661.875,2400,40398.28906,14215.51855,824375.1875,2400,129048.8594,23900750,538531.875,1736872.875,385971.75,42298708,413503.6563,21002.08203,65991.0625,867978.375,2400,667437.9375,38947.79688,6422.77002,18974.91602,2400,4822.822754,149264.4688,90593.69531,99502.8125,24163.86914,24838292,113169.9688,29645.41016,2400,87982.94531,18445614,8769.53125,376957.0313,92141944,80167,148524.1094,15521294,1900,22954982,1900,607678.5,250657.5,4974265.5,137949.3438,2400
Soil-0hr-D-2,Soil-0hr-D,311259.5313,8746.767578,28586.72461,1517877.5,445843.2188,1235828.625,11098.22363,36667.26953,16422.33789,8838410,497629.8438,213996.6719,2589785.75,1900,22255.53125,33563.84375,52207.83203,2400,6255.144531,551376.3125,7109.324219,8956.022461,125821.4688,855274.25,522811.1563,53464.67969,43311.16406,21922142,26689.44727,34773.76953,1900,24077.30664,13964.42383,1643611.875,495252.8125,1900,120939.9688,63408.39844,55875.54688,2539885.25,36248736,51659.68359,16132.07715,97006.11719,13869.89063,4682.47998,438861.4688,149912.7031,267182.5313,2047087.625,65266.12109,99826512,5326.998047,47990372,2435820.25,25430.35352,1694787.125,11994809,67378.40625,151345.8125,47271.02344,52356.80078,56383.10547,1600855.125,2400,2154612,1614056.375,1059759,373330.3125,32253.12695,29891.56055,86753.00781,40340.42188,65004.82422,126579.3281,1640594.25,20214.54492,239706.9219,486902.6875,10058.01563,3367.21582,287433.0938,101774.7656,16817.625,735608.75,1677950.875,2400,8705.881836,7713.248535,251169.0938,1079138,48306.01563,106333.5703,60095.39063,3338693.25,45173.69922,529678.25,52592.04688,1218893.5,9982.796875,1536448.5,163503.2188,909018.75,37322.00781,7387.795898,20402.16016,20335.67969,1758355,1175598.125,219061.0781,220645.875,345702.3125,45195.78516,753057.125,194649.4844,21188.05078,27667.9375,344382.125,27778.48828,88896.09375,2400,1549777.625,2400,9559.029297,15130.64844,927702.9375,2400,185682.2344,23008282,284955.5313,538531.375,599314.0625,53400856,264290.2813,25852.21484,54154.01953,601405.75,2400,572509.125,29783.36719,8904.824219,12030.66992,25233.26563,4744.51709,153539.625,592086.75,84620.91406,2400,48583236,99060.34375,2400,2400,97675.57031,6354088,2400,296938.4063,68246728,75614.82031,109997.1406,11104081,1900,13054000,5370.424316,337305.4063,447819.375,2683837.25,95041.21875,16048.04688
Soil-0hr-D-3,Soil-0hr-D,306552.7813,10505.80273,16352.45215,773807.125,986640.9375,710207.4375,15151.3623,28450.33398,20642.54492,17332892,213989.4531,92371.64844,4675030.5,7488.991211,21136.33594,11482.57324,36941.40234,2400,8495.419922,498761.8438,8726.134766,16124.46289,117065.5313,193470.2656,332572.6875,41706.89844,40987.23828,3193198.5,19786.76172,40408.52344,1900,1900,9911.379883,2321045.75,284018.1875,1900,115128.9766,39241.37891,74255.44531,2285122.25,23649226,36314.19922,29796.61328,32227.96094,8303.458984,13267.08398,1713922.375,104636.0547,25960.63867,2288084.5,62904.03906,63549988,2400,29717626,553332.25,53329.91016,1108621.75,24170128,16278.06055,73684.13281,66715.46875,22001.24609,60873.41406,1234548.875,2400,853246.625,63092.38672,2225812.25,838305.625,38262.80859,27754.14063,46439.78906,27703.60547,57687.46484,164889.9375,51809.62109,17070.67578,68453.24219,54594.98047,5246.39209,1900,45834.10156,2400,2400,862670.375,1527477.125,2400,10427.55469,10077.63184,60873.82813,2302511.75,44344.19531,139986.2031,35093.21875,5150005,27822.71094,497702.8125,42846.37109,1822267.75,11190.9502,768162.375,111859.3672,3189045.25,26528.50195,9699.634766,8847.579102,29045.81445,1504371.75,2334643.75,207419.4375,308027.6875,371120.1875,51671.46094,710705.5,402589.0625,7409.20752,15794.5957,114131.2344,25312.6875,62267.60547,2400,1306968.75,2400,11766.17285,9780.363281,804531.4375,2400,127243.2969,22525312,247347.9844,869738.5,176004.3281,5880319,333577.9063,35869.32813,95102.82813,499189.125,2400,585326.0625,34701.75391,21067.25586,12783.8916,2400,5246.874023,108160.5234,81582.99219,91076.73438,19171.08594,1671145.75,50438.22656,40824.19531,2400,72733.54688,12929514,2400,393822.25,54785288,34256.6875,61671.48828,15558104,1900,15205689,1900,296861.1563,214034.1719,3612091,57502.64844,4522.212402
Soil-24hr-W-1,Soil-24hr-W,301728.7813,58650.00391,26284.98828,7010839.5,339995,992772.4375,47936.40625,14000.32129,89346.64063,12750937,2400,2400,1570534.5,20110.32422,35877.00391,60560.125,31756.22656,2400,9859.99707,634386.875,6086.054199,8327.189453,62969.73047,142708.2969,502773.0625,38113.19531,49981.51953,83720600,22193.0332,82332.59375,60377.91406,25721.00195,8220.464844,3037732.5,1297104.875,38233.76563,169552.0313,743145.3125,117926.5234,4941612.5,13079793,40000.14063,18543.80078,60855.17578,11259.89258,3586.506592,424074.7188,130691.7734,14136.13574,6611983,89650.25781,48583612,50539.77344,29557382,796832.4375,42707.26563,2151334.25,44095068,2400,166398.6719,114835.7969,35355.30469,174878.2344,375527.4375,2400,677927.5,128333.9063,696467.4375,147619.625,78745.94531,10868.94531,64776.45703,1900,357101.9375,43093.55859,2525262.75,17083.03711,482624.7188,1532283.5,1900,3932.334961,114571.9844,2400,2400,3146345.5,1299550.125,2400,3983.298584,10566.00879,1458485.625,983380.3125,184620.8594,146617.6563,20913.0293,663939.3125,894402.875,1016936.5,278818.625,2534355,11854.4248,1447385.625,360622.0625,2407237.75,38446.94531,5896.795898,11564.68164,62740.23438,1720620.125,3295888.5,215407.5781,89143.85938,1086021.5,64884.69922,2647651.5,186087.2969,6888.163574,18886.11719,285976.8438,8878.594727,82815.42969,2400,1227746.5,2400,24640.43359,15003.79102,626982.5625,2400,247149.9844,26797528,227197.9531,470984.9375,162755.8125,1206959.375,294683.8438,30059.05664,134178.9063,3247923,2400,2457783.75,72988.82031,13758.82422,13421.24902,2400,4073.250732,363759.6875,18011.75977,94639.42188,6930.683594,2438296.5,201811.375,2400,2400,71378.97656,3797934.25,2400,518857.7188,4986389.5,96854.45313,139365.2969,7795080,1900,3151072.25,1900,570983,2806682.75,10350856,468455.1875,2400
Soil-24hr-W-2,Soil-24hr-W,293978.2188,23851.30469,29866.48438,1314794.75,436268.8438,750496.125,10031.02734,54259.07031,62116.93359,5721333.5,2400,41346.89844,5825405.5,21771.72266,27982.69922,76422.11719,31593.14453,2400,8338.15918,617029.5,14614.33887,15153.85547,149745.1406,452058.7188,200288.4063,51767.32813,44756.94141,8398010,71339.92188,47118.60156,7557.964355,9971.665039,12788.21875,2550290,847718.625,39371.46484,189339.0156,79780.07813,133692.3281,6176789,13908072,42585.45703,12241.74121,18746.38867,14837.6416,5672.86084,1056543.375,91318.97656,52124.46484,4918953,65300.55469,38500536,89258.64063,29521182,356112.3438,30919.81055,1549855.625,22279348,9776.452148,105028.1328,86912.5625,40530.0625,177762.625,871425.5,2400,333417.7813,37164.52344,2311611,1012994.5,86757.53125,11514.99023,82315.625,1900,210341.7344,21158.36328,253420,23239.08594,246584.5,136066.9531,5388.520996,2875.987305,428303.6875,27680.14258,2400,2501909,682398.0625,2400,4109.354492,8100.848633,147882.9688,1580438.5,119801.3828,157429.0313,26496.33984,1471736.25,75098.6875,819130.75,69165.16406,1181449.625,12955.98145,994662.5,322363.75,947380.75,30508.00195,16502.4707,24779.57227,20642.48242,2184891,3363391.75,137033.4531,195198.6406,637885.3125,31226.17578,2120419.5,198867.7813,7929.441406,15398.30566,103014.0703,8733.643555,48281.54297,2400,1410137.625,2400,17786.1543,13344.61035,529688.625,2400,110678.9453,17825636,201582.9844,505825.6875,317865.9063,1921843.25,247401.0156,23312.46484,698220.1875,2268657.75,2400,1354496.375,69876.6875,4390.169434,8248.298828,19374.01953,5326.568359,136263.2188,20557.95313,91361.05469,5839.558594,120535704,144627.2031,2400,2400,91093.61719,14723626,2400,351885.4688,6700287.5,176796.9219,137857.25,28097550,1900,6966483,1900,568339.3125,621874.3125,6113067,144092.2188,2400
Soil-24hr-W-3,Soil-24hr-W,284259.0938,7024.067871,15927.68945,651943.5625,1030197.25,377102.9063,19844.50586,32802.23828,35434.62109,11484240,2400,2400,4599831.5,8000.85498,21900.02734,33695.77344,25970.0332,2400,6613.026855,522110.2813,6870.904785,15566.66113,42459,35316.68359,132070.9531,35787.03125,46705.94141,9042616,26061.46094,81192.375,9327.561523,1900,2400,4394842.5,699183.1875,51821.55859,144005.8594,62786.46484,119772.1406,5955029.5,14807888,19137.52734,12079.35742,33914.02344,2400,8004.013672,435245,82172.19531,2400,3587950.75,372099.0625,14228147,26250.72461,11013997,258459.1719,37041.11719,850902.125,13964979,2400,105896.9688,61132.86328,28098.28711,84460.42969,502370.4375,2400,354285.0938,94867.65625,1243914.75,1041138.75,90844.89844,9060.325195,67690.72656,1900,86522.35938,9126.327148,172421.875,14384.32031,78025.34375,38947.22656,4529.253418,3998.559814,41686.67578,2400,2400,2526737.5,1320906.375,2400,4410.869141,2400,148167.9844,4591092.5,164321.6094,241535.2031,15054.99512,3132731,21975.61328,442385.4375,130548.1484,1646012.25,12294.58789,534941.625,124694.4453,808678.8125,28476.48047,6164.415039,1900,106248.2813,1664719.5,1477078.125,156614.2969,163882.1094,273324.4063,36198.38281,1659856.75,396716.25,9064.457031,16091.2627,61764.96875,9943.753906,50186.27344,2400,2649294,2400,21711.77148,8676.0625,995556.25,2400,99998.98438,28443534,309714.875,571942.125,92645.60156,320759.2813,157647.6875,42915.92969,99830.03125,2099024.25,2400,187971.1875,64441.07813,2400,16514.56641,2400,4302.688477,203725.5625,22293.08398,215012.1406,8880.822266,9291875,56624.58594,2400,2400,36089.96875,15669234,2400,818464.625,14008212,34110.83594,54770.94141,25243336,1900,13476742,1900,267361.7813,403198.8125,6439181,133975.5,2400
Soil-24hr-D-1,Soil-24hr-D,344964.6563,23164.99805,83645.38281,368775.8125,419069.0313,654180.4375,14726.5918,41876.21875,21806.57031,19973774,2400,14001.14258,1295804.375,62474.23047,22929.73633,59650.79688,42704.30078,10150.95508,7213.880859,631469.125,7220.84082,8794.092773,41387.51953,1750908.125,242757.2344,27700.58398,43256.21875,5314622,61931.89063,38545.16797,7726.834473,1900,2400,1790789.25,1332310.875,20137.03516,121474.8984,65811,159278.2656,803138.75,41689500,28538.40039,30437.05273,687763.0625,66666.625,4580.600098,373976.25,86867.05469,6740375,2399898.25,83046.29688,248469536,64121.48438,46278144,4472626,24566.83789,1915323.125,28002646,77851.85938,105984.2891,47714.68359,42069.89453,96500.52344,217459,227228.0156,504882.5313,1458167.625,497021.75,49143.42578,145870.0781,9832.568359,57575.51953,38693.05469,39326.96094,33734.89844,687128.625,88384.38281,95071.80469,187841.3438,3864.090576,1900,4251899.5,768708,2400,943941.6875,4231890,222889.5781,6090.469727,10411.58984,928162.125,857500.0625,824440.25,60483.65625,66125.85156,163478.375,67394.71094,6455122,368832.0625,18689974,10921.42969,1198964,271972.7813,733656.75,24981.38086,10845.26563,20609.66211,48579.61719,1794013.75,3987615.75,125237.8516,109488.2969,351741.4688,58097.98828,520796,180506.2031,8604.978516,7017.174805,75964.82031,5596.791992,28482.1543,2400,2221355,16624.84766,10445.00293,10403.94531,497893.8125,2400,112594.7266,15955917,242564.7344,451752.4063,3044698.5,4097471.25,168652.7344,37159.33594,133138.375,1583354.875,2400,747888.75,24348.20703,4913.67041,14128.09668,116384.6563,6839.470215,114459.0859,249456.0156,110093.3359,8477.029297,68234168,45077.5625,2400,2400,346079.4688,2080359.125,2400,90799.28906,4903971.5,480115.9375,782908.8125,2183902.5,1900,1264800.25,1900,559227.3125,179836.1406,5612932,125388.7188,2400
Soil-24hr-D-2,Soil-24hr-D,306565.75,9031.680664,34650.86719,1419798.5,775607.1875,3110697.25,22112.70313,14228.64551,50347.82422,1631344.75,2185488,749992.25,5496844,1540926.75,36934.15625,2063158.75,46340.24219,2400,16256.39453,543343.125,15215.39355,112326.0781,79394.65625,1575842.25,832809.9375,29301.98438,79417.67188,61602452,25766.61523,164124.8906,9091.866211,44626.65234,9665.926758,1736336,222305.2813,54265.74609,141977.0313,218737.0625,194181.4219,8261965.5,9067977,76223.92188,901341,940050.375,38415.98438,5555.966797,929745.125,7588959,185202.125,16965886,77587.05469,179374544,16767.22656,74132352,7562921.5,31692.66406,16953386,20352754,238824.1563,149599.75,282865.4688,33876.46875,484809.1875,2692675.5,2400,1253180.375,1191468.5,1770023.75,819164.6875,59752.03906,43187.78516,476794.25,9441.100586,108271.4141,29708.79688,1784583.5,70274.63281,1988117.5,601357.25,59251.40625,5280.88916,1578715.25,586169.3125,2400,2218270.25,530315.3125,2400,35779.76172,2400,2807926.25,7894994,77029.73438,140383.9375,69783.25781,7279035.5,95296.77344,714807.5,3169150,2131483,153826.2188,1315213.5,1739406,954264.25,31773.11133,4996.404785,183886.7188,43283.70313,1614558.625,4976585,529364.1875,190139.7188,4045806.5,49790.17969,2976879.25,357757.1875,25047.84766,40032.23438,1268575,53104.65234,64475.51563,48329.38281,1696550.875,2400,70070.13281,26957.75977,376062.9375,2400,431398.5,28362124,403997.8438,10493576,458268.1563,14426621,490117.2188,29683.92188,198708.0625,7762005.5,2400,2769309.5,108726.0781,142034.1875,14218.05078,31555.22266,5099.769531,900090.75,2078636.5,75296.84375,22268.68359,779861.6875,87479.82813,8814.992188,2400,119715.7578,15632896,13764.29492,273629.5,12419236,116830.3047,146133.8906,32431060,14301.74219,30514908,1900,4041619,2605969.75,11203950,1399592.125,21591.5332
Soil-24hr-D-3,Soil-24hr-D,299130.75,28864.79883,27269.36523,271302.0625,428950.3438,754682.875,13079.02344,68302.92188,1900,5224532.5,2400,15633.67676,294070.3125,1900,17973.86133,84085.78125,141845.8438,2400,15812.8125,416564.7188,9058.75,31580.83594,104232.3125,246521.5938,123081.8203,52252.82813,69676.83594,1241782,25797.73242,48257.98828,1900,26142.27344,5306.141602,3218328.25,818982.9375,1900,141605.5313,50414.23438,448628.9063,1105489.125,6762985.5,29375.21484,13348.58008,25272.84961,12450.51758,1900,217686.4531,81724.28906,95475.08594,3137822.75,63376.75,141341104,6542.433105,30548024,212115.9063,31348.83984,1016880.375,17333484,13526.36621,51673.39063,83130.45313,37069.26953,357061.25,366715.2813,2400,206540.8594,12857.49023,72367.08594,87625.24219,42978.82813,37664.19531,107745.7266,1900,178252.2969,1900,194457.7188,16624.94922,264085.6563,268648,23076.74805,4583.277832,93677.16406,146818.0781,2400,1293230.375,342553.4375,2400,4274.940918,9782.707031,38937.54297,1532700.5,323536.0313,59626.23047,49781.97656,86047.13281,57766.73828,677189.5,42271.01953,914583.25,11546.98242,451324.25,58908.15625,699943.125,19379.97461,6308.11377,5760.575684,40049.23828,1901754.375,2191074.5,647533.375,69935.58594,6347858,53119.34766,978412.75,172923.8594,5674.590332,36759.09766,141714.0625,205189.3125,121632.4922,2400,2126887,2400,71526.48438,8673.083008,547305,2400,365908.4375,12341956,297228.2188,483773.5625,2315342.5,11835256,126391.3438,32535.8457,67841.60156,290804.0313,2400,1789893.25,93269.11719,4585.305176,11604.95508,17847.48633,5618.106934,196083.8125,106528.8203,134980.4063,13673.42285,2159063.5,124883.5781,2400,2400,83390.32031,1009217.313,9011.779297,99568,8260856.5,115677.1328,198552.1719,2187048,1900,2121738.5,8109.740234,460629.0938,475307.4375,7905812.5,28725.08789,2400